epoch,time,train/box_loss,train/seg_loss,train/cls_loss,train/dfl_loss,train/sem_loss,metrics/precision(B),metrics/recall(B),metrics/mAP50(B),metrics/mAP50-95(B),metrics/precision(M),metrics/recall(M),metrics/mAP50(M),metrics/mAP50-95(M),val/box_loss,val/seg_loss,val/cls_loss,val/dfl_loss,val/sem_loss,lr/pg0,lr/pg1,lr/pg2,lr/pg3,lr/pg4,lr/pg5,lr/pg6,lr/pg7
1,25.9315,1.28643,4.67961,3.28077,0.02,6.4522,0.01,1,0.02069,0.01502,0.01,1,0.0162,0.01028,0.59845,2.35437,3.33161,0.01318,0,0.0003,0.0001,0.0003,0.0001,0.0003,0.0001,0.0003,0.0001
2,39.3978,1.27623,4.87167,3.20862,0.02008,6.24075,0.01,1,0.01986,0.01393,0.01,1,0.01453,0.00951,0.72498,2.49216,3.34194,0.01642,0,0.000655644,0.000218548,0.000655644,0.000218548,0.000655644,0.000218548,0.000655644,0.000218548
3,53.5973,1.13696,4.45502,3.21505,0.01866,5.82332,0.00958,0.95833,0.01822,0.01204,0.00958,0.95833,0.0278,0.00979,0.99944,3.1073,3.37966,0.02229,0,0.00100654,0.000335512,0.00100654,0.000335512,0.00100654,0.000335512,0.00100654,0.000335512
4,68.2792,1.369,4.05082,3.28283,0.02004,5.51601,0.00958,0.95833,0.0184,0.01235,0.00917,0.91667,0.04973,0.01155,1.19066,3.2952,3.39933,0.02781,0,0.00135268,0.000450892,0.00135268,0.000450892,0.00135268,0.000450892,0.00135268,0.000450892
5,78.4937,1.14382,3.71616,3.27381,0.01711,4.89167,0.00917,0.91667,0.01821,0.01235,0.00917,0.91667,0.04515,0.012,1.18084,3.46092,3.39701,0.02824,0,0.00169406,0.000564688,0.00169406,0.000564688,0.00169406,0.000564688,0.00169406,0.000564688
6,89.5313,1.16365,3.29633,3.3165,0.01654,4.71481,0.00917,0.91667,0.01823,0.01278,0.00875,0.875,0.08059,0.02179,1.09355,2.98662,3.39352,0.02588,0,0.0020307,0.0006769,0.0020307,0.0006769,0.0020307,0.0006769,0.0020307,0.0006769
7,100.14,1.19196,3.40609,3.24977,0.01819,4.47334,0.01,1,0.02156,0.01543,0.01,1,0.13637,0.04596,0.78093,2.71695,3.34575,0.01736,0,0.00236258,0.000787528,0.00236258,0.000787528,0.00236258,0.000787528,0.00236258,0.000787528
8,106.543,1.24381,3.13039,3.24691,0.01783,4.42682,0.01,1,0.02156,0.01543,0.01,1,0.13637,0.04596,0.78093,2.71695,3.34575,0.01736,0,0.00268972,0.000896572,0.00268972,0.000896572,0.00268972,0.000896572,0.00268972,0.000896572
9,117.234,1.04673,2.94819,3.27786,0.01534,4.31108,0.01,1,0.03989,0.0269,0.01,1,0.16844,0.09335,0.56956,2.59315,3.33182,0.01264,0,0.0030121,0.00100403,0.0030121,0.00100403,0.0030121,0.00100403,0.0030121,0.00100403
10,127.246,1.08888,3.04964,3.21594,0.01555,3.68178,0.01,1,0.04467,0.02841,0.01,1,0.18065,0.08667,0.54645,2.48822,3.32144,0.01206,0,0.00332972,0.00110991,0.00332972,0.00110991,0.00332972,0.00110991,0.00332972,0.00110991
11,133.962,1.0067,2.70937,3.15613,0.01475,3.09982,0.01,1,0.04467,0.02841,0.01,1,0.18065,0.08667,0.54645,2.48822,3.32144,0.01206,0,0.0036426,0.0012142,0.0036426,0.0012142,0.0036426,0.0012142,0.0036426,0.0012142
12,144.409,0.9702,2.69918,3.17413,0.01577,3.30184,0.01,1,0.03479,0.02249,0.01,1,0.12689,0.04486,0.55435,1.95719,3.33187,0.01195,0,0.00395072,0.00131691,0.00395072,0.00131691,0.00395072,0.00131691,0.00395072,0.00131691
13,151.736,1.00835,2.67489,3.11257,0.01519,3.04685,0.01,1,0.03479,0.02249,0.01,1,0.12689,0.04486,0.55435,1.95719,3.33187,0.01195,0,0.0042541,0.00141803,0.0042541,0.00141803,0.0042541,0.00141803,0.0042541,0.00141803
14,158.004,0.88453,2.37909,3.14605,0.01299,2.87298,0.01,1,0.03479,0.02249,0.01,1,0.12689,0.04486,0.55435,1.95719,3.33187,0.01195,0,0.00455272,0.00151757,0.00455272,0.00151757,0.00455272,0.00151757,0.00455272,0.00151757
15,169.022,0.99998,2.61793,3.05685,0.01535,2.74324,0.01,1,0.06975,0.04163,0.01,1,0.12564,0.06666,0.53233,1.74672,3.31169,0.01144,0,0.00484658,0.00161553,0.00484658,0.00161553,0.00484658,0.00161553,0.00484658,0.00161553
16,175.308,0.94213,2.53948,3.11635,0.01391,2.56307,0.01,1,0.06975,0.04163,0.01,1,0.12564,0.06666,0.53233,1.74672,3.31169,0.01144,0,0.0051357,0.0017119,0.0051357,0.0017119,0.0051357,0.0017119,0.0051357,0.0017119
17,185.378,0.84465,2.16403,3.044,0.01274,2.43485,0.01,1,0.04608,0.0339,0.01,1,0.09531,0.05086,0.58273,1.72157,3.24909,0.01242,0,0.0053664,0.0017888,0.0053664,0.0017888,0.0053664,0.0017888,0.0053664,0.0017888
18,192.235,0.83973,1.89365,3.04524,0.01161,2.07946,0.01,1,0.04608,0.0339,0.01,1,0.09531,0.05086,0.58273,1.72157,3.24909,0.01242,0,0.0053268,0.0017756,0.0053268,0.0017756,0.0053268,0.0017756,0.0053268,0.0017756
19,198.874,0.82924,1.86092,3.06798,0.01156,2.06994,0.01,1,0.04608,0.0339,0.01,1,0.09531,0.05086,0.58273,1.72157,3.24909,0.01242,0,0.0052872,0.0017624,0.0052872,0.0017624,0.0052872,0.0017624,0.0052872,0.0017624
20,208.949,0.84031,2.08133,3.03631,0.01235,2.1037,0.01,1,0.03925,0.03054,0.01,1,0.09471,0.04646,0.54448,1.76544,3.1565,0.01144,0,0.0052476,0.0017492,0.0052476,0.0017492,0.0052476,0.0017492,0.0052476,0.0017492
21,215.167,0.74193,1.6644,3.04677,0.01062,1.80714,0.01,1,0.03925,0.03054,0.01,1,0.09471,0.04646,0.54448,1.76544,3.1565,0.01144,0,0.005208,0.001736,0.005208,0.001736,0.005208,0.001736,0.005208,0.001736
22,221.815,0.81497,1.71513,3.01212,0.01124,1.8077,0.01,1,0.03925,0.03054,0.01,1,0.09471,0.04646,0.54448,1.76544,3.1565,0.01144,0,0.0051684,0.0017228,0.0051684,0.0017228,0.0051684,0.0017228,0.0051684,0.0017228
23,231.794,0.75804,1.81441,2.97047,0.01064,1.57505,0.01,1,0.04151,0.03402,0.01,1,0.14007,0.05724,0.4398,1.56138,3.08861,0.00904,0,0.0051288,0.0017096,0.0051288,0.0017096,0.0051288,0.0017096,0.0051288,0.0017096
24,237.837,0.68047,1.48414,2.99419,0.0093,1.44948,0.01,1,0.04151,0.03402,0.01,1,0.14007,0.05724,0.4398,1.56138,3.08861,0.00904,0,0.0050892,0.0016964,0.0050892,0.0016964,0.0050892,0.0016964,0.0050892,0.0016964
25,248.258,0.64531,1.53461,2.95142,0.0084,1.52521,0.01,1,0.04259,0.03531,0.01,1,0.13168,0.05344,0.43032,1.35384,3.02379,0.00872,0,0.0050496,0.0016832,0.0050496,0.0016832,0.0050496,0.0016832,0.0050496,0.0016832
26,254.834,0.71555,1.54887,2.93249,0.00995,1.34247,0.01,1,0.04259,0.03531,0.01,1,0.13168,0.05344,0.43032,1.35384,3.02379,0.00872,0,0.00501,0.00167,0.00501,0.00167,0.00501,0.00167,0.00501,0.00167
27,261.432,0.60972,1.3698,2.88377,0.00831,1.22225,0.01,1,0.04259,0.03531,0.01,1,0.13168,0.05344,0.43032,1.35384,3.02379,0.00872,0,0.0049704,0.0016568,0.0049704,0.0016568,0.0049704,0.0016568,0.0049704,0.0016568
28,271.825,0.69734,1.38646,2.97824,0.00858,1.23068,0.01,1,0.04007,0.03438,0.01,1,0.16479,0.06832,0.45975,1.07937,2.96207,0.0092,0,0.0049308,0.0016436,0.0049308,0.0016436,0.0049308,0.0016436,0.0049308,0.0016436
29,278.276,0.79525,1.49585,2.96658,0.00979,1.25172,0.01,1,0.04007,0.03438,0.01,1,0.16479,0.06832,0.45975,1.07937,2.96207,0.0092,0,0.0048912,0.0016304,0.0048912,0.0016304,0.0048912,0.0016304,0.0048912,0.0016304
30,284.427,0.76185,1.24996,2.91599,0.01011,1.14555,0.01,1,0.04007,0.03438,0.01,1,0.16479,0.06832,0.45975,1.07937,2.96207,0.0092,0,0.0048516,0.0016172,0.0048516,0.0016172,0.0048516,0.0016172,0.0048516,0.0016172
31,294.471,0.59713,1.2462,2.80976,0.00816,1.04593,0.01,1,0.04024,0.03397,0.01,1,0.19825,0.07003,0.48201,1.13291,2.91696,0.0099,0,0.004812,0.001604,0.004812,0.001604,0.004812,0.001604,0.004812,0.001604
32,301.118,0.60797,1.12798,2.84853,0.00797,0.97008,0.01,1,0.04024,0.03397,0.01,1,0.19825,0.07003,0.48201,1.13291,2.91696,0.0099,0,0.0047724,0.0015908,0.0047724,0.0015908,0.0047724,0.0015908,0.0047724,0.0015908
33,311.569,0.59472,1.22287,2.84923,0.00854,1.07403,0.01,1,0.05916,0.04317,0.01,1,0.15558,0.06567,0.47881,1.09011,2.84047,0.00936,0,0.0047328,0.0015776,0.0047328,0.0015776,0.0047328,0.0015776,0.0047328,0.0015776
34,317.73,0.58371,1.26427,2.73908,0.0079,0.80777,0.01,1,0.05916,0.04317,0.01,1,0.15558,0.06567,0.47881,1.09011,2.84047,0.00936,0,0.0046932,0.0015644,0.0046932,0.0015644,0.0046932,0.0015644,0.0046932,0.0015644
35,324.068,0.67401,1.2044,2.81435,0.00876,0.84522,0.01,1,0.05916,0.04317,0.01,1,0.15558,0.06567,0.47881,1.09011,2.84047,0.00936,0,0.0046536,0.0015512,0.0046536,0.0015512,0.0046536,0.0015512,0.0046536,0.0015512
36,335.301,0.53975,1.13673,2.73168,0.00746,0.76887,0.01,1,0.06866,0.05259,0.01,1,0.2591,0.10217,0.43882,0.98137,2.77588,0.00877,0,0.004614,0.001538,0.004614,0.001538,0.004614,0.001538,0.004614,0.001538
37,341.69,0.60839,1.19462,2.7346,0.00813,1.02521,0.01,1,0.06866,0.05259,0.01,1,0.2591,0.10217,0.43882,0.98137,2.77588,0.00877,0,0.0045744,0.0015248,0.0045744,0.0015248,0.0045744,0.0015248,0.0045744,0.0015248
38,348.061,0.55442,1.02939,2.72304,0.0077,0.75234,0.01,1,0.06866,0.05259,0.01,1,0.2591,0.10217,0.43882,0.98137,2.77588,0.00877,0,0.0045348,0.0015116,0.0045348,0.0015116,0.0045348,0.0015116,0.0045348,0.0015116
39,358.637,0.53158,1.07861,2.65791,0.0069,0.70549,0.01,1,0.11955,0.09389,0.01,1,0.31299,0.15202,0.43612,0.92052,2.69647,0.0086,0,0.0044952,0.0014984,0.0044952,0.0014984,0.0044952,0.0014984,0.0044952,0.0014984
40,365.404,0.61681,1.17534,2.6737,0.00761,0.69121,0.01,1,0.11955,0.09389,0.01,1,0.31299,0.15202,0.43612,0.92052,2.69647,0.0086,0,0.0044556,0.0014852,0.0044556,0.0014852,0.0044556,0.0014852,0.0044556,0.0014852
41,375.609,0.72373,1.16068,2.69827,0.01081,0.80274,0.01,1,0.22784,0.19327,0.01,1,0.33597,0.24704,0.41174,0.8665,2.60794,0.00814,0,0.004416,0.001472,0.004416,0.001472,0.004416,0.001472,0.004416,0.001472
42,381.87,0.61462,1.16306,2.68703,0.00866,0.63233,0.01,1,0.22784,0.19327,0.01,1,0.33597,0.24704,0.41174,0.8665,2.60794,0.00814,0,0.0043764,0.0014588,0.0043764,0.0014588,0.0043764,0.0014588,0.0043764,0.0014588
43,388.601,0.63081,1.2494,2.65491,0.00838,0.80311,0.01,1,0.22784,0.19327,0.01,1,0.33597,0.24704,0.41174,0.8665,2.60794,0.00814,0,0.0043368,0.0014456,0.0043368,0.0014456,0.0043368,0.0014456,0.0043368,0.0014456
44,399.616,0.62731,1.04385,2.66567,0.00888,0.63065,0.01,1,0.40625,0.34693,0.01,1,0.44712,0.37292,0.43568,0.91406,2.51942,0.00855,0,0.0042972,0.0014324,0.0042972,0.0014324,0.0042972,0.0014324,0.0042972,0.0014324
45,406.337,0.55074,0.96133,2.50085,0.00763,0.60637,0.01,1,0.40625,0.34693,0.01,1,0.44712,0.37292,0.43568,0.91406,2.51942,0.00855,0,0.0042576,0.0014192,0.0042576,0.0014192,0.0042576,0.0014192,0.0042576,0.0014192
46,412.731,0.58827,1.05837,2.6262,0.00698,0.65621,0.01,1,0.40625,0.34693,0.01,1,0.44712,0.37292,0.43568,0.91406,2.51942,0.00855,0,0.004218,0.001406,0.004218,0.001406,0.004218,0.001406,0.004218,0.001406
47,423.869,0.53195,0.95021,2.47373,0.00721,0.50584,0.01,1,0.4995,0.43369,0.01,1,0.4995,0.44764,0.43542,0.86764,2.42096,0.00865,0,0.0041784,0.0013928,0.0041784,0.0013928,0.0041784,0.0013928,0.0041784,0.0013928
48,430.463,0.51856,0.97901,2.43441,0.00769,0.69113,0.01,1,0.4995,0.43369,0.01,1,0.4995,0.44764,0.43542,0.86764,2.42096,0.00865,0,0.0041388,0.0013796,0.0041388,0.0013796,0.0041388,0.0013796,0.0041388,0.0013796
49,440.438,0.56279,0.99627,2.50163,0.00728,0.53765,0.24742,0.95833,0.53088,0.4818,0.24742,0.95833,0.53088,0.47533,0.43044,0.8362,2.31266,0.0083,0,0.0040992,0.0013664,0.0040992,0.0013664,0.0040992,0.0013664,0.0040992,0.0013664
50,446.936,0.59424,1.12954,2.43781,0.00847,0.49072,0.24742,0.95833,0.53088,0.4818,0.24742,0.95833,0.53088,0.47533,0.43044,0.8362,2.31266,0.0083,0,0.0040596,0.0013532,0.0040596,0.0013532,0.0040596,0.0013532,0.0040596,0.0013532
51,453.853,0.51887,0.98015,2.37667,0.00698,0.55004,0.24742,0.95833,0.53088,0.4818,0.24742,0.95833,0.53088,0.47533,0.43044,0.8362,2.31266,0.0083,0,0.00402,0.00134,0.00402,0.00134,0.00402,0.00134,0.00402,0.00134
52,464.264,0.61417,0.98833,2.37265,0.00735,0.69045,0.58525,0.23617,0.56032,0.50638,0.58525,0.23617,0.56032,0.49461,0.45515,0.83471,2.17659,0.00872,0,0.0039804,0.0013268,0.0039804,0.0013268,0.0039804,0.0013268,0.0039804,0.0013268
53,470.835,0.59087,0.93595,2.37029,0.00728,0.68893,0.58525,0.23617,0.56032,0.50638,0.58525,0.23617,0.56032,0.49461,0.45515,0.83471,2.17659,0.00872,0,0.0039408,0.0013136,0.0039408,0.0013136,0.0039408,0.0013136,0.0039408,0.0013136
54,477.401,0.52382,0.91002,2.32404,0.00638,0.57028,0.58525,0.23617,0.56032,0.50638,0.58525,0.23617,0.56032,0.49461,0.45515,0.83471,2.17659,0.00872,0,0.0039012,0.0013004,0.0039012,0.0013004,0.0039012,0.0013004,0.0039012,0.0013004
55,487.94,0.56555,1.01029,2.24137,0.00668,0.48168,0.68464,0.16667,0.66951,0.61734,0.68464,0.16667,0.66951,0.60624,0.4046,0.84494,2.04771,0.00787,0,0.0038616,0.0012872,0.0038616,0.0012872,0.0038616,0.0012872,0.0038616,0.0012872
56,494.298,0.5405,0.96093,2.22891,0.00751,0.48968,0.68464,0.16667,0.66951,0.61734,0.68464,0.16667,0.66951,0.60624,0.4046,0.84494,2.04771,0.00787,0,0.003822,0.001274,0.003822,0.001274,0.003822,0.001274,0.003822,0.001274
57,504.391,0.63872,1.13175,2.26141,0.00778,0.49915,0.78497,0.45644,0.75029,0.70059,0.78497,0.45644,0.75029,0.68235,0.43394,0.81663,1.89285,0.00818,0,0.0037824,0.0012608,0.0037824,0.0012608,0.0037824,0.0012608,0.0037824,0.0012608
58,510.992,0.50886,0.88639,2.08859,0.0064,0.39146,0.78497,0.45644,0.75029,0.70059,0.78497,0.45644,0.75029,0.68235,0.43394,0.81663,1.89285,0.00818,0,0.0037428,0.0012476,0.0037428,0.0012476,0.0037428,0.0012476,0.0037428,0.0012476
59,517.276,0.53096,0.87302,2.1138,0.0074,0.39892,0.78497,0.45644,0.75029,0.70059,0.78497,0.45644,0.75029,0.68235,0.43394,0.81663,1.89285,0.00818,0,0.0037032,0.0012344,0.0037032,0.0012344,0.0037032,0.0012344,0.0037032,0.0012344
60,527.355,0.58808,0.89521,2.10874,0.00845,0.41878,0.73823,0.70516,0.74598,0.69056,0.73823,0.70516,0.74598,0.683,0.43396,0.82206,1.74794,0.00868,0,0.0036636,0.0012212,0.0036636,0.0012212,0.0036636,0.0012212,0.0036636,0.0012212
61,533.703,0.56138,0.91636,2.02417,0.0071,0.46172,0.73823,0.70516,0.74598,0.69056,0.73823,0.70516,0.74598,0.683,0.43396,0.82206,1.74794,0.00868,0,0.003624,0.001208,0.003624,0.001208,0.003624,0.001208,0.003624,0.001208
62,540.177,0.5551,0.88309,1.9688,0.00787,0.4189,0.73823,0.70516,0.74598,0.69056,0.73823,0.70516,0.74598,0.683,0.43396,0.82206,1.74794,0.00868,0,0.0035844,0.0011948,0.0035844,0.0011948,0.0035844,0.0011948,0.0035844,0.0011948
63,550.015,0.56225,0.84213,1.91643,0.00751,0.40394,0.79331,0.625,0.78382,0.72627,0.79331,0.625,0.78382,0.70042,0.44071,0.81864,1.63466,0.00845,0,0.0035448,0.0011816,0.0035448,0.0011816,0.0035448,0.0011816,0.0035448,0.0011816
64,557.028,0.56986,0.75921,1.83412,0.00657,0.42629,0.79331,0.625,0.78382,0.72627,0.79331,0.625,0.78382,0.70042,0.44071,0.81864,1.63466,0.00845,0,0.0035052,0.0011684,0.0035052,0.0011684,0.0035052,0.0011684,0.0035052,0.0011684
65,567.703,0.56888,1.07524,1.94124,0.00655,0.47516,0.80756,0.58333,0.77592,0.72557,0.80756,0.58333,0.77592,0.6927,0.43613,0.80062,1.56251,0.00855,0,0.0034656,0.0011552,0.0034656,0.0011552,0.0034656,0.0011552,0.0034656,0.0011552
66,574.032,0.52758,0.94189,1.74998,0.00684,0.33897,0.80756,0.58333,0.77592,0.72557,0.80756,0.58333,0.77592,0.6927,0.43613,0.80062,1.56251,0.00855,0,0.003426,0.001142,0.003426,0.001142,0.003426,0.001142,0.003426,0.001142
67,580.364,0.51048,0.89151,1.70277,0.00674,0.35724,0.80756,0.58333,0.77592,0.72557,0.80756,0.58333,0.77592,0.6927,0.43613,0.80062,1.56251,0.00855,0,0.0033864,0.0011288,0.0033864,0.0011288,0.0033864,0.0011288,0.0033864,0.0011288
68,590.414,0.54765,0.90756,1.72001,0.00691,0.38808,0.68774,0.64284,0.72483,0.67631,0.68774,0.64284,0.72483,0.65562,0.39405,0.77057,1.52888,0.00761,0,0.0033468,0.0011156,0.0033468,0.0011156,0.0033468,0.0011156,0.0033468,0.0011156
69,597.199,0.50635,0.75836,1.55863,0.00683,0.33208,0.68774,0.64284,0.72483,0.67631,0.68774,0.64284,0.72483,0.65562,0.39405,0.77057,1.52888,0.00761,0,0.0033072,0.0011024,0.0033072,0.0011024,0.0033072,0.0011024,0.0033072,0.0011024
70,603.775,0.58216,0.91741,1.64248,0.007,0.37625,0.68774,0.64284,0.72483,0.67631,0.68774,0.64284,0.72483,0.65562,0.39405,0.77057,1.52888,0.00761,0,0.0032676,0.0010892,0.0032676,0.0010892,0.0032676,0.0010892,0.0032676,0.0010892
71,613.812,0.55128,0.85427,1.55477,0.00753,0.34794,0.54452,0.75,0.64719,0.60896,0.54452,0.75,0.64719,0.59201,0.3699,0.75805,1.57548,0.00701,0,0.003228,0.001076,0.003228,0.001076,0.003228,0.001076,0.003228,0.001076
72,619.88,0.5733,0.86037,1.50412,0.00687,0.41551,0.54452,0.75,0.64719,0.60896,0.54452,0.75,0.64719,0.59201,0.3699,0.75805,1.57548,0.00701,0,0.0031884,0.0010628,0.0031884,0.0010628,0.0031884,0.0010628,0.0031884,0.0010628
73,630.637,0.55491,0.82335,1.64793,0.00706,0.33407,0.46727,0.83333,0.64754,0.61322,0.46727,0.83333,0.64754,0.59188,0.32897,0.76167,1.6359,0.00611,0,0.0031488,0.0010496,0.0031488,0.0010496,0.0031488,0.0010496,0.0031488,0.0010496
74,637.197,0.54938,0.80344,1.47398,0.00689,0.33848,0.46727,0.83333,0.64754,0.61322,0.46727,0.83333,0.64754,0.59188,0.32897,0.76167,1.6359,0.00611,0,0.0031092,0.0010364,0.0031092,0.0010364,0.0031092,0.0010364,0.0031092,0.0010364
75,643.618,0.53774,1.02404,1.40174,0.00592,0.37617,0.46727,0.83333,0.64754,0.61322,0.46727,0.83333,0.64754,0.59188,0.32897,0.76167,1.6359,0.00611,0,0.0030696,0.0010232,0.0030696,0.0010232,0.0030696,0.0010232,0.0030696,0.0010232
76,654.019,0.50692,0.8124,1.3546,0.00626,0.33399,0.57216,0.75,0.71854,0.67294,0.57216,0.75,0.71854,0.6541,0.38592,0.75845,1.63342,0.0074,0,0.00303,0.00101,0.00303,0.00101,0.00303,0.00101,0.00303,0.00101
77,660.677,0.53183,0.86453,1.70596,0.00692,0.34384,0.57216,0.75,0.71854,0.67294,0.57216,0.75,0.71854,0.6541,0.38592,0.75845,1.63342,0.0074,0,0.0029904,0.0009968,0.0029904,0.0009968,0.0029904,0.0009968,0.0029904,0.0009968
78,667.066,0.51599,0.92634,1.41286,0.00543,0.32911,0.57216,0.75,0.71854,0.67294,0.57216,0.75,0.71854,0.6541,0.38592,0.75845,1.63342,0.0074,0,0.0029508,0.0009836,0.0029508,0.0009836,0.0029508,0.0009836,0.0029508,0.0009836
79,676.961,0.55323,0.79214,1.45133,0.00675,0.35827,0.66424,0.75,0.75681,0.70516,0.66424,0.75,0.75681,0.69266,0.38472,0.75232,1.67451,0.0074,0,0.0029112,0.0009704,0.0029112,0.0009704,0.0029112,0.0009704,0.0029112,0.0009704
80,683.32,0.49645,0.86978,1.42997,0.00658,0.32992,0.66424,0.75,0.75681,0.70516,0.66424,0.75,0.75681,0.69266,0.38472,0.75232,1.67451,0.0074,0,0.0028716,0.0009572,0.0028716,0.0009572,0.0028716,0.0009572,0.0028716,0.0009572
81,693.776,0.48571,0.74013,1.41542,0.0064,0.31915,0.66838,0.79167,0.74583,0.68765,0.66838,0.79167,0.74583,0.68194,0.38021,0.75182,1.65436,0.00743,0,0.002832,0.000944,0.002832,0.000944,0.002832,0.000944,0.002832,0.000944
82,700.066,0.54006,0.79874,1.64451,0.00828,0.51947,0.66838,0.79167,0.74583,0.68765,0.66838,0.79167,0.74583,0.68194,0.38021,0.75182,1.65436,0.00743,0,0.0027924,0.0009308,0.0027924,0.0009308,0.0027924,0.0009308,0.0027924,0.0009308
83,706.373,0.56551,0.97565,1.53601,0.00665,0.31577,0.66838,0.79167,0.74583,0.68765,0.66838,0.79167,0.74583,0.68194,0.38021,0.75182,1.65436,0.00743,0,0.0027528,0.0009176,0.0027528,0.0009176,0.0027528,0.0009176,0.0027528,0.0009176
84,717.261,0.55888,0.92741,1.53261,0.00639,0.32486,0.70922,0.71152,0.77324,0.72297,0.70922,0.71152,0.77324,0.70412,0.36059,0.73133,1.73155,0.00692,0,0.0027132,0.0009044,0.0027132,0.0009044,0.0027132,0.0009044,0.0027132,0.0009044
85,724.131,0.54898,0.98064,1.39356,0.00618,0.32408,0.70922,0.71152,0.77324,0.72297,0.70922,0.71152,0.77324,0.70412,0.36059,0.73133,1.73155,0.00692,0,0.0026736,0.0008912,0.0026736,0.0008912,0.0026736,0.0008912,0.0026736,0.0008912
86,730.598,0.47258,0.72746,1.36146,0.00595,0.29995,0.70922,0.71152,0.77324,0.72297,0.70922,0.71152,0.77324,0.70412,0.36059,0.73133,1.73155,0.00692,0,0.002634,0.000878,0.002634,0.000878,0.002634,0.000878,0.002634,0.000878
87,740.841,0.48971,1.05623,1.38851,0.00585,0.27072,0.7103,0.75,0.80584,0.74977,0.7103,0.75,0.80584,0.73211,0.33871,0.7343,1.58879,0.00641,0,0.0025944,0.0008648,0.0025944,0.0008648,0.0025944,0.0008648,0.0025944,0.0008648
88,747.782,0.58192,0.86793,1.5456,0.00667,0.35594,0.7103,0.75,0.80584,0.74977,0.7103,0.75,0.80584,0.73211,0.33871,0.7343,1.58879,0.00641,0,0.0025548,0.0008516,0.0025548,0.0008516,0.0025548,0.0008516,0.0025548,0.0008516
89,758.732,0.47944,0.79656,1.31381,0.00553,0.30779,0.60083,0.75267,0.78482,0.73129,0.60083,0.75267,0.78482,0.71113,0.34837,0.73052,1.54576,0.00661,0,0.0025152,0.0008384,0.0025152,0.0008384,0.0025152,0.0008384,0.0025152,0.0008384
90,765.047,0.48955,0.83057,1.31419,0.00613,0.38097,0.60083,0.75267,0.78482,0.73129,0.60083,0.75267,0.78482,0.71113,0.34837,0.73052,1.54576,0.00661,0,0.0024756,0.0008252,0.0024756,0.0008252,0.0024756,0.0008252,0.0024756,0.0008252
91,771.327,0.46143,0.77921,1.31015,0.00608,0.27163,0.60083,0.75267,0.78482,0.73129,0.60083,0.75267,0.78482,0.71113,0.34837,0.73052,1.54576,0.00661,0,0.002436,0.000812,0.002436,0.000812,0.002436,0.000812,0.002436,0.000812
92,782.836,0.45583,0.73318,1.35646,0.00608,0.26046,0.70412,0.66667,0.77225,0.71757,0.70412,0.66667,0.77225,0.69714,0.38258,0.72686,1.4352,0.00746,0,0.0023964,0.0007988,0.0023964,0.0007988,0.0023964,0.0007988,0.0023964,0.0007988
93,789.313,0.44567,0.74456,1.15939,0.00547,0.28364,0.70412,0.66667,0.77225,0.71757,0.70412,0.66667,0.77225,0.69714,0.38258,0.72686,1.4352,0.00746,0,0.0023568,0.0007856,0.0023568,0.0007856,0.0023568,0.0007856,0.0023568,0.0007856
94,795.803,0.46903,0.71198,1.36144,0.00626,0.28648,0.70412,0.66667,0.77225,0.71757,0.70412,0.66667,0.77225,0.69714,0.38258,0.72686,1.4352,0.00746,0,0.0023172,0.0007724,0.0023172,0.0007724,0.0023172,0.0007724,0.0023172,0.0007724
95,806.333,0.49945,0.7339,1.29954,0.0062,0.2666,0.69288,0.70833,0.75124,0.70196,0.69288,0.70833,0.75124,0.67671,0.37207,0.72788,1.38347,0.00723,0,0.0022776,0.0007592,0.0022776,0.0007592,0.0022776,0.0007592,0.0022776,0.0007592
96,812.724,0.49973,0.70916,1.18069,0.00681,0.26152,0.69288,0.70833,0.75124,0.70196,0.69288,0.70833,0.75124,0.67671,0.37207,0.72788,1.38347,0.00723,0,0.002238,0.000746,0.002238,0.000746,0.002238,0.000746,0.002238,0.000746
97,823.084,0.47126,0.72857,1.25525,0.00613,0.28852,0.69576,0.70833,0.70292,0.65576,0.69576,0.70833,0.70292,0.63841,0.3589,0.71719,1.33265,0.00686,0,0.0021984,0.0007328,0.0021984,0.0007328,0.0021984,0.0007328,0.0021984,0.0007328
98,829.371,0.4597,0.73094,1.12521,0.00577,0.27602,0.69576,0.70833,0.70292,0.65576,0.69576,0.70833,0.70292,0.63841,0.3589,0.71719,1.33265,0.00686,0,0.0021588,0.0007196,0.0021588,0.0007196,0.0021588,0.0007196,0.0021588,0.0007196
99,835.945,0.50776,0.83051,1.18067,0.00662,0.26662,0.69576,0.70833,0.70292,0.65576,0.69576,0.70833,0.70292,0.63841,0.3589,0.71719,1.33265,0.00686,0,0.0021192,0.0007064,0.0021192,0.0007064,0.0021192,0.0007064,0.0021192,0.0007064
100,846.716,0.44646,0.76891,1.12979,0.00587,0.31379,0.68056,0.70833,0.71998,0.67487,0.68056,0.70833,0.71998,0.65377,0.36014,0.71537,1.30426,0.00674,0,0.0020796,0.0006932,0.0020796,0.0006932,0.0020796,0.0006932,0.0020796,0.0006932
101,853.166,0.49321,0.77155,1.08979,0.00553,0.24465,0.68056,0.70833,0.71998,0.67487,0.68056,0.70833,0.71998,0.65377,0.36014,0.71537,1.30426,0.00674,0,0.00204,0.00068,0.00204,0.00068,0.00204,0.00068,0.00204,0.00068
102,859.474,0.45087,0.71394,1.2002,0.00616,0.2746,0.68056,0.70833,0.71998,0.67487,0.68056,0.70833,0.71998,0.65377,0.36014,0.71537,1.30426,0.00674,0,0.0020004,0.0006668,0.0020004,0.0006668,0.0020004,0.0006668,0.0020004,0.0006668
103,870.293,0.54926,0.78256,1.30833,0.00719,0.27637,0.61204,0.85483,0.7369,0.69011,0.61204,0.85483,0.7369,0.6731,0.36599,0.71167,1.27739,0.00706,0,0.0019608,0.0006536,0.0019608,0.0006536,0.0019608,0.0006536,0.0019608,0.0006536
104,876.662,0.46249,0.7446,1.12133,0.00554,0.23241,0.61204,0.85483,0.7369,0.69011,0.61204,0.85483,0.7369,0.6731,0.36599,0.71167,1.27739,0.00706,0,0.0019212,0.0006404,0.0019212,0.0006404,0.0019212,0.0006404,0.0019212,0.0006404
105,886.696,0.50991,0.88618,1.09837,0.00572,0.25771,0.6194,0.95833,0.77546,0.72598,0.6194,0.95833,0.77546,0.70247,0.38311,0.71558,1.24068,0.00737,0,0.0018816,0.0006272,0.0018816,0.0006272,0.0018816,0.0006272,0.0018816,0.0006272
106,893.402,0.5165,0.82517,1.11006,0.0066,0.24047,0.6194,0.95833,0.77546,0.72598,0.6194,0.95833,0.77546,0.70247,0.38311,0.71558,1.24068,0.00737,0,0.001842,0.000614,0.001842,0.000614,0.001842,0.000614,0.001842,0.000614
107,900.75,0.48768,0.77418,1.08044,0.00554,0.25786,0.6194,0.95833,0.77546,0.72598,0.6194,0.95833,0.77546,0.70247,0.38311,0.71558,1.24068,0.00737,0,0.0018024,0.0006008,0.0018024,0.0006008,0.0018024,0.0006008,0.0018024,0.0006008
108,911.047,0.50806,0.75367,1.15705,0.00622,0.25963,0.65832,0.95833,0.7933,0.74571,0.65832,0.95833,0.7933,0.72116,0.34558,0.7101,1.20327,0.00659,0,0.0017628,0.0005876,0.0017628,0.0005876,0.0017628,0.0005876,0.0017628,0.0005876
109,917.544,0.47675,0.67871,1.06517,0.00592,0.26502,0.65832,0.95833,0.7933,0.74571,0.65832,0.95833,0.7933,0.72116,0.34558,0.7101,1.20327,0.00659,0,0.0017232,0.0005744,0.0017232,0.0005744,0.0017232,0.0005744,0.0017232,0.0005744
110,924.234,0.56548,0.8419,1.19258,0.00741,0.2631,0.65832,0.95833,0.7933,0.74571,0.65832,0.95833,0.7933,0.72116,0.34558,0.7101,1.20327,0.00659,0,0.0016836,0.0005612,0.0016836,0.0005612,0.0016836,0.0005612,0.0016836,0.0005612
111,934.51,0.56272,0.81201,1.08714,0.00706,0.25847,0.70359,0.91667,0.81991,0.77215,0.70359,0.91667,0.81991,0.74014,0.35959,0.71199,1.18327,0.00698,0,0.001644,0.000548,0.001644,0.000548,0.001644,0.000548,0.001644,0.000548
112,940.759,0.46936,0.76948,1.09351,0.00584,0.22889,0.70359,0.91667,0.81991,0.77215,0.70359,0.91667,0.81991,0.74014,0.35959,0.71199,1.18327,0.00698,0,0.0016044,0.0005348,0.0016044,0.0005348,0.0016044,0.0005348,0.0016044,0.0005348
113,951.355,0.53784,0.91953,1.14228,0.00653,0.29282,0.65611,0.95833,0.8283,0.77612,0.65611,0.95833,0.8283,0.74783,0.37257,0.70983,1.16917,0.0074,0,0.0015648,0.0005216,0.0015648,0.0005216,0.0015648,0.0005216,0.0015648,0.0005216
114,958.106,0.52552,0.83096,1.11449,0.00685,0.20421,0.65611,0.95833,0.8283,0.77612,0.65611,0.95833,0.8283,0.74783,0.37257,0.70983,1.16917,0.0074,0,0.0015252,0.0005084,0.0015252,0.0005084,0.0015252,0.0005084,0.0015252,0.0005084
115,964.616,0.50886,0.80796,1.15002,0.00665,0.25946,0.65611,0.95833,0.8283,0.77612,0.65611,0.95833,0.8283,0.74783,0.37257,0.70983,1.16917,0.0074,0,0.0014856,0.0004952,0.0014856,0.0004952,0.0014856,0.0004952,0.0014856,0.0004952
116,974.642,0.43596,0.70925,0.97701,0.005,0.28278,0.71013,0.95833,0.89105,0.83004,0.71013,0.95833,0.89105,0.80785,0.35948,0.7068,1.11703,0.00707,0,0.001446,0.000482,0.001446,0.000482,0.001446,0.000482,0.001446,0.000482
117,981.251,0.48653,0.82095,1.04862,0.0065,0.24862,0.71013,0.95833,0.89105,0.83004,0.71013,0.95833,0.89105,0.80785,0.35948,0.7068,1.11703,0.00707,0,0.0014064,0.0004688,0.0014064,0.0004688,0.0014064,0.0004688,0.0014064,0.0004688
118,988.095,0.53121,0.83479,1.07522,0.00578,0.25216,0.71013,0.95833,0.89105,0.83004,0.71013,0.95833,0.89105,0.80785,0.35948,0.7068,1.11703,0.00707,0,0.0013668,0.0004556,0.0013668,0.0004556,0.0013668,0.0004556,0.0013668,0.0004556
119,998.417,0.40965,0.69281,0.96748,0.0048,0.26938,0.70006,0.95833,0.89601,0.84473,0.70006,0.95833,0.89601,0.81312,0.33803,0.70923,1.09146,0.00639,0,0.0013272,0.0004424,0.0013272,0.0004424,0.0013272,0.0004424,0.0013272,0.0004424
120,1004.79,0.5048,0.76747,1.17393,0.0071,0.24629,0.70006,0.95833,0.89601,0.84473,0.70006,0.95833,0.89601,0.81312,0.33803,0.70923,1.09146,0.00639,0,0.0012876,0.0004292,0.0012876,0.0004292,0.0012876,0.0004292,0.0012876,0.0004292
121,1015.43,0.44691,0.71762,0.99256,0.00546,0.24896,0.75655,0.95833,0.91163,0.85962,0.75655,0.95833,0.91163,0.82817,0.33206,0.70795,1.07155,0.00629,0,0.001248,0.000416,0.001248,0.000416,0.001248,0.000416,0.001248,0.000416
122,1021.77,0.5055,0.91517,1.17317,0.00649,0.24907,0.75655,0.95833,0.91163,0.85962,0.75655,0.95833,0.91163,0.82817,0.33206,0.70795,1.07155,0.00629,0,0.0012084,0.0004028,0.0012084,0.0004028,0.0012084,0.0004028,0.0012084,0.0004028
123,1028.05,0.45914,0.79287,0.94631,0.00529,0.21349,0.75655,0.95833,0.91163,0.85962,0.75655,0.95833,0.91163,0.82817,0.33206,0.70795,1.07155,0.00629,0,0.0011688,0.0003896,0.0011688,0.0003896,0.0011688,0.0003896,0.0011688,0.0003896
124,1038.08,0.43329,0.72585,0.97493,0.00507,0.25804,0.77358,0.99659,0.93156,0.8796,0.77358,0.99659,0.93156,0.84678,0.33943,0.70629,1.07753,0.00647,0,0.0011292,0.0003764,0.0011292,0.0003764,0.0011292,0.0003764,0.0011292,0.0003764
125,1044.72,0.51307,0.809,0.98317,0.00576,0.28941,0.77358,0.99659,0.93156,0.8796,0.77358,0.99659,0.93156,0.84678,0.33943,0.70629,1.07753,0.00647,0,0.0010896,0.0003632,0.0010896,0.0003632,0.0010896,0.0003632,0.0010896,0.0003632
126,1051.51,0.47893,0.69592,1.06204,0.00595,0.23072,0.77358,0.99659,0.93156,0.8796,0.77358,0.99659,0.93156,0.84678,0.33943,0.70629,1.07753,0.00647,0,0.00105,0.00035,0.00105,0.00035,0.00105,0.00035,0.00105,0.00035
127,1061.37,0.47716,0.76198,0.96038,0.00559,0.27779,0.75959,0.9217,0.94257,0.89064,0.75959,0.9217,0.94257,0.85758,0.33502,0.70484,1.06749,0.00636,0,0.0010104,0.0003368,0.0010104,0.0003368,0.0010104,0.0003368,0.0010104,0.0003368
128,1067.63,0.50631,0.81556,1.01919,0.00609,0.22428,0.75959,0.9217,0.94257,0.89064,0.75959,0.9217,0.94257,0.85758,0.33502,0.70484,1.06749,0.00636,0,0.0009708,0.0003236,0.0009708,0.0003236,0.0009708,0.0003236,0.0009708,0.0003236
129,1078.23,0.43157,0.73786,1.01101,0.00544,0.27479,0.79033,0.94267,0.95203,0.90537,0.79033,0.94267,0.95203,0.86562,0.32605,0.70357,1.06309,0.00615,0,0.0009312,0.0003104,0.0009312,0.0003104,0.0009312,0.0003104,0.0009312,0.0003104
130,1084.47,0.53502,0.87932,1.01558,0.00635,0.33793,0.79033,0.94267,0.95203,0.90537,0.79033,0.94267,0.95203,0.86562,0.32605,0.70357,1.06309,0.00615,0,0.0008916,0.0002972,0.0008916,0.0002972,0.0008916,0.0002972,0.0008916,0.0002972
131,1090.9,0.472,0.69973,0.9591,0.00531,0.27068,0.79033,0.94267,0.95203,0.90537,0.79033,0.94267,0.95203,0.86562,0.32605,0.70357,1.06309,0.00615,0,0.000852,0.000284,0.000852,0.000284,0.000852,0.000284,0.000852,0.000284
132,1101.5,0.52299,0.81038,1.04225,0.00589,0.22557,0.80972,0.91667,0.94918,0.90475,0.80972,0.91667,0.94918,0.86341,0.32434,0.70319,1.06154,0.00614,0,0.0008124,0.0002708,0.0008124,0.0002708,0.0008124,0.0002708,0.0008124,0.0002708
133,1108.02,0.48492,0.7541,1.01706,0.00644,0.24938,0.80972,0.91667,0.94918,0.90475,0.80972,0.91667,0.94918,0.86341,0.32434,0.70319,1.06154,0.00614,0,0.0007728,0.0002576,0.0007728,0.0002576,0.0007728,0.0002576,0.0007728,0.0002576
134,1114.23,0.49932,0.7689,0.97381,0.00589,0.27712,0.80972,0.91667,0.94918,0.90475,0.80972,0.91667,0.94918,0.86341,0.32434,0.70319,1.06154,0.00614,0,0.0007332,0.0002444,0.0007332,0.0002444,0.0007332,0.0002444,0.0007332,0.0002444
135,1124.65,0.48195,0.78122,0.9122,0.00538,0.24815,0.81427,0.91667,0.95602,0.90518,0.81427,0.91667,0.95602,0.86752,0.32437,0.69799,1.04189,0.00619,0,0.0006936,0.0002312,0.0006936,0.0002312,0.0006936,0.0002312,0.0006936,0.0002312
136,1131.15,0.46871,0.70269,0.97511,0.00625,0.21796,0.81427,0.91667,0.95602,0.90518,0.81427,0.91667,0.95602,0.86752,0.32437,0.69799,1.04189,0.00619,0,0.000654,0.000218,0.000654,0.000218,0.000654,0.000218,0.000654,0.000218
137,1141.51,0.50379,0.77981,0.97394,0.00533,0.26168,0.83873,0.91667,0.95683,0.91339,0.83873,0.91667,0.95683,0.87006,0.32813,0.69836,1.02885,0.00627,0,0.0006144,0.0002048,0.0006144,0.0002048,0.0006144,0.0002048,0.0006144,0.0002048
138,1148.03,0.51209,0.70233,1.05288,0.00612,0.26101,0.83873,0.91667,0.95683,0.91339,0.83873,0.91667,0.95683,0.87006,0.32813,0.69836,1.02885,0.00627,0,0.0005748,0.0001916,0.0005748,0.0001916,0.0005748,0.0001916,0.0005748,0.0001916
139,1154.67,0.45956,0.82143,0.93582,0.00558,0.25469,0.83873,0.91667,0.95683,0.91339,0.83873,0.91667,0.95683,0.87006,0.32813,0.69836,1.02885,0.00627,0,0.0005352,0.0001784,0.0005352,0.0001784,0.0005352,0.0001784,0.0005352,0.0001784
140,1166.5,0.5088,0.77615,0.98859,0.00588,0.24934,0.86542,0.91667,0.95973,0.91019,0.86542,0.91667,0.95973,0.87249,0.32118,0.69873,1.03164,0.00608,0,0.0004956,0.0001652,0.0004956,0.0001652,0.0004956,0.0001652,0.0004956,0.0001652
141,1172.91,0.38733,0.75346,1.36599,0.00706,0.41938,0.86542,0.91667,0.95973,0.91019,0.86542,0.91667,0.95973,0.87249,0.32118,0.69873,1.03164,0.00608,0,0.000456,0.000152,0.000456,0.000152,0.000456,0.000152,0.000456,0.000152
142,1179.32,0.39747,0.75631,1.37313,0.00738,0.43229,0.86542,0.91667,0.95973,0.91019,0.86542,0.91667,0.95973,0.87249,0.32118,0.69873,1.03164,0.00608,0,0.0004164,0.0001388,0.0004164,0.0001388,0.0004164,0.0001388,0.0004164,0.0001388
143,1190.12,0.42473,0.75595,1.38959,0.00815,0.30774,0.91061,0.84931,0.97072,0.9217,0.91061,0.84931,0.97072,0.88796,0.31056,0.68361,1.09067,0.00594,0,0.0003768,0.0001256,0.0003768,0.0001256,0.0003768,0.0001256,0.0003768,0.0001256
144,1196.67,0.40912,0.74554,1.31235,0.00699,0.53252,0.91061,0.84931,0.97072,0.9217,0.91061,0.84931,0.97072,0.88796,0.31056,0.68361,1.09067,0.00594,0,0.0003372,0.0001124,0.0003372,0.0001124,0.0003372,0.0001124,0.0003372,0.0001124
145,1206.88,0.39209,0.73481,1.45669,0.00768,0.45393,0.98027,0.83333,0.97471,0.9235,0.98027,0.83333,0.97471,0.89333,0.31165,0.67802,1.15284,0.006,0,0.0002976,9.92e-05,0.0002976,9.92e-05,0.0002976,9.92e-05,0.0002976,9.92e-05
146,1213.19,0.37939,0.74557,1.33867,0.00646,0.69632,0.98027,0.83333,0.97471,0.9235,0.98027,0.83333,0.97471,0.89333,0.31165,0.67802,1.15284,0.006,0,0.000258,8.6e-05,0.000258,8.6e-05,0.000258,8.6e-05,0.000258,8.6e-05
147,1219.75,0.3816,0.75447,1.38171,0.00745,0.40078,0.98027,0.83333,0.97471,0.9235,0.98027,0.83333,0.97471,0.89333,0.31165,0.67802,1.15284,0.006,0,0.0002184,7.28e-05,0.0002184,7.28e-05,0.0002184,7.28e-05,0.0002184,7.28e-05
148,1230.44,0.4226,0.77068,1.29441,0.00644,2.08777,0.95936,0.83333,0.97055,0.92099,0.95936,0.83333,0.97055,0.88718,0.31132,0.68194,1.22462,0.00601,0,0.0001788,5.96e-05,0.0001788,5.96e-05,0.0001788,5.96e-05,0.0001788,5.96e-05
149,1236.91,0.39381,0.78823,1.31945,0.00665,0.47232,0.95936,0.83333,0.97055,0.92099,0.95936,0.83333,0.97055,0.88718,0.31132,0.68194,1.22462,0.00601,0,0.0001392,4.64e-05,0.0001392,4.64e-05,0.0001392,4.64e-05,0.0001392,4.64e-05
150,1243.13,0.34791,0.74676,1.28038,0.00565,0.94448,0.95936,0.83333,0.97055,0.92099,0.95936,0.83333,0.97055,0.88718,0.31132,0.68194,1.22462,0.00601,0,9.96e-05,3.32e-05,9.96e-05,3.32e-05,9.96e-05,3.32e-05,9.96e-05,3.32e-05
